Title,Description,Priority,Labels,Estimate,Project,Status
Amend PRD J5: the streak is a goal-completion streak,"CD-020, decided 2026-08-01. Goal-met days is the intended rule; the code stands. PRD J5 currently defines the streak as 'consecutive days with earning activity' and calls it a 'Fresh Start Streak' - both need rewriting to describe goal completion.

Accepted consequence to state in the doc: partial-credit days count for nothing (20 of a 30-min goal daily for a month = streak of 0).

Source: docs/decisions/decision-log.md#cd-020",3,docs,1,Docs & hygiene,Backlog
Spike: can DeviceActivity meter vice usage against a live balance?,"CD-031, decided 2026-08-01. Target model: unlock the FULL accumulated balance, consume it only while the user is actually in a vice app, re-shield at zero. Confirm feasibility before building.

Four questions to answer:
1. Thresholds are fixed at schedule start but the balance moves as the user earns. Does the vice schedule need re-registering on every balance change, and does that reset accumulated vice usage the way it does for earning (CD-008)? If yes, this is materially harder.
2. The 15-minute minimum interval (CD-006) applies here too. A user with 6 minutes banked needs a shorter window than the framework allows - does the backdating trick cover it?
3. Earning already registers up to 180 events and CD-012 will raise that. Will iOS tolerate a second large concurrent schedule?
4. Re-shield latency: threshold firing to shield application is not instant. How much overrun past zero, and should we under-grant to compensate?

Source: docs/decisions/decision-log.md#cd-031",1,spike,3,Spending & shield,Backlog
Build full-balance unlock with usage-metered consumption,"CD-031. Replaces the prepaid fixed-window model (CD-021, rejected - the 5-minute cap was a prototype value that hardened).

Half the plumbing already exists: DeviceActivityName.viceApps is defined, DeviceActivityMonitorExtension.handleViceAppEvent already writes a 60-second .spent event, and stopAllMonitoring already tears it down. The gap is that nothing ever calls startMonitoring(.viceApps, ...).

Blocked on the feasibility spike. Also removes the need to unify the duplicated 5-min constant.",2,feature,8,Spending & shield,Backlog
Decide: which daily-goal option set is canonical,"CD-022. Onboarding offers [15,30,45,60,90,120]; Settings offers [15,30,60,120,180,240]. A user who picks 45 or 90 during onboarding cannot re-select it in Settings. Neither set matches either spec.

Source: docs/decisions/decision-log.md#cd-022",3,decision,1,Decisions,Backlog
Decide: keep or delete EarningSessionManager,"CD-024. 169 lines + 167 lines of tests implementing the documented session model (60s warmup, 2-min pause timeout, 5-min credit). Referenced by nothing. Its existence is the main reason docs/specs/earning.md reads as though the session model is live. Keep as a reference for a future device-side implementation (with a header comment pointing at CD-011), or delete.

Source: docs/decisions/decision-log.md#cd-024",3,decision,1,Decisions,Backlog
Decide: drop category blocking from the PRD permanently,"CD-001. PRD J1 P2 wants category selection; per-app unlock makes it impossible (a category token cannot be unshielded for one app inside it). Code already enforces apps-only. Confirm the requirement is dropped, then remove the unreachable category paths in AppBlockingService, ShieldActionExtension.handle(for category:), and the monitor's reapplyViceShields.

Source: docs/decisions/decision-log.md#cd-001",3,decision,1,Decisions,Backlog
Gate the Test Actions section behind #if DEBUG,"CD-023 / C1. The dashboard's +5min/-2min buttons are a deliberate Simulator test harness, but they carry no #if DEBUG guard — they ship to TestFlight and the App Store as a user-facing section that grants free balance, which defeats the product and is an App Review risk.

File: Clepsy/Views/Dashboard/DashboardView.swift:332",1,"bug,scaffolding",1,Release readiness,Backlog
Remove the 180 min/day earning ceiling,"CD-012, decided. UsageTrackingService registers thresholds `for minutes in 1...180`, so earning silently stops after 3h of daily productive use. This is the exact daily earning cap that 'Dropped from MVP' removed from scope, reintroduced by implementation accident.

Not a one-line fix: event count grows linearly with the bound, so 1...1440 is likely unacceptable. Spike what DeviceActivity will accept, then either cap at a defensible waking-hours figure or use a small re-arming threshold set.

File: Clepsy/Services/UsageTrackingService.swift:36",2,bug,3,Earning engine,Backlog
Persist todayEarned and todaySpent,"C3. Both are in-memory @Published ints, never persisted. Force-quit and relaunch mid-day and both show 0 — which also zeroes the goal progress bar and the mascot's expression logic, while the balance itself survives. Needs day-scoped persistence that clears on daily reset.

File: Clepsy/ViewModels/DashboardViewModel.swift:8",2,bug,2,Earning engine,Backlog
Amend PRD J2: replace the session model with threshold accrual,"CD-011. PRD J2 P0s specify a 60s warmup and 2-min pause/resume timeout. Neither is implementable from a background extension — DeviceActivity reports threshold crossings, not app lifecycle. Rewrite J2 to describe threshold accrual, and rewrite docs/specs/earning.md to match.

Source: docs/decisions/decision-log.md#cd-011",2,docs,2,Earning engine,Backlog
Write the shield & unlock spec,"The largest engineering surface in the repo has no spec. Should cover: the two shield extensions (CD-004), the UserDefaults-only fast path and why (CD-003), the per-app unlock registry (CD-010), the 16-min backdating for DeviceActivity's minimum interval (CD-006), stale-shield mitigation for Apple bug FB14237883 (CD-007), and unlock-aware foreground re-shielding (CD-009).",2,docs,3,Spending & shield,Backlog
Amend PRD J4: real-time deduction at 1-minute granularity,"CD-014 / CD-031. The audit originally claimed J4's real-time deduction P0s were not implementable. That was wrong: per-SECOND metering is unavailable to a background extension, but per-MINUTE metered consumption works via the same threshold mechanism the earning path already uses.

So amend J4 to 1-minute granularity rather than striking it. The intent survives; only the resolution changes.",2,docs,2,Spending & shield,Backlog
Amend PRD J3: 'Earn Time Now' is not implementable,CD-005. A shield extension cannot launch another app — no API exists. The zero-balance state shows a single honest 'Go Back'. Replace the requirement rather than tracking it as a gap.,3,docs,1,Spending & shield,Backlog
Shield: add expiration indicator and last-updated timestamp,"PRD J3 P0s, unbuilt. 'Expires at midnight (5 hours remaining)' and 'Updated 30 seconds ago'. Note the config extension must stay fast (CD-003) — both values need to be readable from UserDefaults.",3,feature,2,Spending & shield,Backlog
Shield: distinguish Fresh Start from spent-it-all at zero balance,"PRD J3 P0. Post-midnight should read 'Fresh Start: yesterday's balance expired'; mid-day should read ""You've spent all your earned time today"". Currently one generic message covers both.",3,feature,2,Spending & shield,Backlog
"Check the daily reset on foreground, not only onAppear","C4 / D5. checkAndPerformDailyReset runs only in DashboardView.onAppear. The scenePhase handler calls syncPendingEvents but not the reset check, so an app resident in the background across midnight keeps yesterday's balance until a full relaunch. data-architecture.md calls launch-only checking a 'CRITICAL FIX' problem and specifies multiple triggers.

Files: Clepsy/ViewModels/DashboardViewModel.swift:136, Clepsy/Views/Dashboard/DashboardView.swift:59",2,bug,2,Daily expiration,Backlog
Re-shield vice apps at midnight mid-session,"PRD J4 P0: 'if user is mid-session in a vice app at 11:59 PM, app locks at 12:00 AM'. Nothing re-shields at midnight today, and an unlock window straddling midnight is unaffected by the reset.",3,feature,3,Daily expiration,Backlog
Balance expiration indicator and midnight countdown on dashboard,"PRD J5 P0s: balance shown with an expiration indicator, plus a visual countdown to the midnight reset. Neither exists.",3,feature,2,Daily expiration,Backlog
Build milestone notifications,"D3. PRD J2 P0. UNUserNotificationCenter appears nowhere in the codebase. Needs permission request, scheduling against earning thresholds, notification content, and tap-to-open handling. Full copy and timing rules already exist in the notification chapter of the specs.",2,feature,5,Notifications,Backlog
Persist milestoneInterval,"C2 / CD-023 adjacent. SettingsViewModel.milestoneInterval has a didSet calling saveSettings(), but saveSettings() never writes it and UserSettings has no such field. The value silently resets to 15 on every launch.

File: Clepsy/ViewModels/SettingsViewModel.swift:16",2,bug,1,Notifications,Backlog
Hide or disable the inert notification settings UI until it works,The Settings toggle and interval picker look functional but control nothing — the app promises a feature that does not exist. Either ship the feature or hide the controls.,3,bug,1,Notifications,Backlog
"Low-balance, time-expired, and weekly summary notifications","PRD J5/J6 P1s, fully specified in the notification chapter, none implemented. Depends on the milestone notification foundation.",4,feature,5,Notifications,Backlog
Persist the TimeEvent ledger for earning/spending history,"D4. PRD J5 P0s call for lists of recent earning and spending sessions (app name, duration, timestamp). TimeEvent already carries those fields, but syncPendingEvents calls clearEvents() immediately after applying them, so nothing is retained. Needs a persistence layer before any history UI is possible.

File: Clepsy/Services/UsageTrackingService.swift (syncPendingEvents)",2,feature,5,History & analytics,Backlog
Earning and spending history UI,PRD J5 P0. Blocked on the ledger persistence issue.,3,feature,3,History & analytics,Backlog
Handle permission denied during onboarding,"PRD J1 P0, onboarding spec Screen 2B, error spec 1A. PermissionView advances to the next step regardless of the authorization result, so a user who denies Screen Time lands on a dashboard that can never work. Needs the denied state plus a retry path.

File: Clepsy/Views/Onboarding/PermissionView.swift",2,feature,3,Error states,Backlog
Detect revoked Family Controls permission and show the dashboard banner,"PRD J6 P0, dashboard spec 3.1B, error spec 1B. No detection and no banner exist. Needs an authorization-status check on foreground and a banner with an Open Settings deep link.",2,feature,3,Error states,Backlog
Convert the remaining error-state spec into issues,"docs/specs/error-states.md is ~1,065 lines and roughly 0% implemented. Triage the P1/P2 entries (tracking failure, midnight reset failure, clock change, app deleted mid-session, rapid unlocks) into real issues or drop them.",4,docs,2,Error states,Backlog
Enforce at least one vice and one productive app in Settings,"C5. Onboarding requires >=1 app in each list; Settings does not. A user can clear both lists post-setup and silently disable the entire product.

File: Clepsy/ViewModels/SettingsViewModel.swift:20",2,bug,2,Settings hardening,Backlog
Prevent the same app in both vice and productive lists,C6. PRD J6 P0 requires conflict resolution with a confirmation toast. No detection exists; behavior with an app in both lists is undefined (it would be both shielded and earning).,3,bug,3,Settings hardening,Backlog
Reset all data should clear streak keys,"C8. The clepsy_streak_* keys live in standard UserDefaults outside PersistenceService.clearAll(), so 'Reset all data' preserves the streak.

File: Clepsy/ViewModels/SettingsViewModel.swift:122",3,bug,1,Settings hardening,Backlog
Fix 14 broken doc cross-references,"H1. Docs point at flat paths that no longer exist (earning_specs.md, dashboard_specs.md, docs/clepsy_prd.md, clepsy_app_images/, docs/testing/mvp-test-checklist.md, ...). Actual locations are docs/specs/, docs/plans/, design/assets/. Every 'see X' pointer in the plan and CHANGELOG is currently dead.",3,docs,1,Docs & hygiene,Backlog
"Update README: entitlements, extensions, structure","H3 / CD-025. README says to uncomment the entitlements and the ClepsyMonitor dependency — both have been active since 14984df. Project structure omits ClepsyShieldAction and ClepsyShieldConfiguration entirely. Also missing: the App Group requirement, docs/, design/.",3,docs,1,Docs & hygiene,Backlog
Rewrite the data-architecture storage section,"C12 / CD-013. The doc describes pendingTimeEvents as an App Group UserDefaults key; the implementation uses a file (pendingTimeEvents.json) with NSFileCoordinator. The key table omits every key actually in use: viceSelection, productiveSelection, balanceSeconds, pendingDeltaSeconds, activeUnlocks, shieldShowedBalanceByToken, unlockExpiresAt, clepsy_streak_*.",3,docs,2,Docs & hygiene,Backlog
Amend the MVB hourglass rationale for spendable balance,"CD-018, decided. The sand level represents spendable balance, not goal progress. The MVB's 'Why Hourglass Body?' section is written around the goal-progress reading and needs rewriting, as does PRD J3 P0. Consider whether the face should also key off balance (CD-019) — today the body tracks balance and the face tracks goal progress.",3,docs,1,Docs & hygiene,Backlog
Update onboarding spec to the shipped 5-screen flow,"CD-016. Spec describes 6 screens while its own header says 'Target: 5 screens total'. Shipped: Welcome+HowItWorks merged, Ready screen replaced by a 2.5s celebration overlay, no Screen 2B.",3,docs,1,Docs & hygiene,Backlog
Update dashboard spec: stats folded into the hero card,CD-017. Spec 3.5 specifies two standalone stat cards; commit 157be49 folded earned/spent inline into the balance hero card as redundant.,4,docs,1,Docs & hygiene,Backlog
Cut PRD v1.0; keep v2.1 as the single PRD,"H7. Doc 2 and docs/plans/prd.md contain both PRD v1.0 (Jan 24) and v2.1 (Jan 30) in full, sequentially, with no marker that v1 is superseded. Anyone reading top-down gets the obsolete version first.",3,docs,1,Docs & hygiene,Backlog
Replace the CHANGELOG with a real one,H2. docs/CHANGELOG.md is a pre-implementation proposal dated 2026-02-01 that ends with 'Ready to Begin Task 0?'. Every commit since is unrecorded.,4,docs,1,Docs & hygiene,Backlog
Close out clepsy_mvp.md and archive stale Google Docs,H4/H5. The 30-task plan is mostly executed and has no completion state; its residual value is the unbuilt tasks. Doc 3 ('Copy of Productivity app notes') has no unique content — archive it. Freeze Docs 1 and 2 read-only with a pointer to Linear once migration completes.,4,docs,1,Docs & hygiene,Backlog
Remove the unobserved AppDidBecomeActive notification,CD-026. Posted on every foreground in ClepsyApp.swift:30; nothing listens. Left over from the pre-scenePhase wiring in 65f849c.,4,tech-debt,1,Cleanup,Backlog
Remove or wire up the clepsy:// URL scheme,CD-027. Registered in project.yml. Added for 'launch productive app via URL scheme' in 9db7dd7; the tappable app cards were later removed. Nothing opens a URL anywhere now.,4,tech-debt,1,Cleanup,Backlog
Delete the superseded in-app ShieldConfigurationView,"CD-028. Plan Task 23's SwiftUI shield, never presented. It implements things the real shield cannot (mascot, earned-today, 'Earn Time Now'), which is part of why the specs read as though those exist.

File: Clepsy/Views/Shield/ShieldConfigurationView.swift",4,tech-debt,1,Cleanup,Backlog
Remove hardcoded app lists and AppIconView,CD-029. AppCategory.defaultViceApps/.defaultProductiveApps and AppIconView predate FamilyActivitySelection. The dashboard renders system Label(token) views instead. DashboardViewModel still loads the hardcoded lists into published properties nothing reads. AppIconView's comment claims 'Used by DashboardView' — it isn't.,4,tech-debt,1,Cleanup,Backlog
Remove the unused UserSettings.exchangeRate,"CD-030. Added as '1:1 for MVP, configurable for future'; nothing consumes it. The 1:1 rate is implicit in 'one threshold = 60 seconds'. It implies configurability that doesn't exist.",4,tech-debt,1,Cleanup,Backlog
Add test coverage for UsageTrackingService and the extensions,"No tests exist for UsageTrackingService or any of the three extensions — which is where the product's actual mechanics live. Meanwhile the largest test file (EarningSessionManagerTests, 167 lines) covers code the app never runs.",3,tests,3,Cleanup,Backlog
